1cTy05evxtm-V5PoQgdqhj3lJSzWetin5	Lectura 1.pdf
11Nh7H76H592Mgkk0Zp-is0YXSHn6cvnO	Lectura 1.txt
1Aanxrb_zeQ-tVQEXxfP46rq3L-4bNC0e	Lectura 10.pdf
143XtN569nIIoVZK-ybSd-CtfjFi9-vYT	Lectura 10.txt
1nPR1clJBjP0AM9Yf2WJj8Enwl6miBXCR	Lectura 100.pdf
12AE9dg24QNhKlcBxsUF0Q9FklVe63Mcp	Lectura 100.txt
1YvcRUT0CLOW6JRa6FgqvqrmQT62KLqBE	Lectura 11.pdf
13v373cl2W9QMhDr3uexA-JXr7LbW-q8S	Lectura 11.txt
15K9c6MdiGJuWZB42y34UnonCUJXSK5ky	Lectura 12.pdf
13m8TsiZDLVvYG4SLPxlUH8mEoqQoxi0N	Lectura 12.txt
1u2M6HThujB-xln93_7VKpQ6rvOp3Ozrc	Lectura 13.pdf
14Q08LcdVXT03hBUPht8SBUXY-uUPbxuS	Lectura 13.txt
1PJzLHW2yZfa0XcatDzSFIxTtIv7reR20	Lectura 14.pdf
13jqlYvzJYxVt7y_UdKIig-kRxI-1KBLl	Lectura 14.txt
1J72yHxTrshPZxHu9g8f38ZzWNHNc8trB	Lectura 15.pdf
1-cjIXNtUxG0MHO3moADzVgxzBr8PqZZ3	Lectura 15.txt
1XcElcY9TYYtb-KQw1QUDT5dW07EmsoN2	Lectura 16.pdf
121sWkHoF8sP4zterydPGDCxdczUdwgsh	Lectura 16.txt
158SSgfmMytJqNLJWOuxHPmbAAIB_gSZk	Lectura 17.pdf
1-Zv3fwniSur-jM4mQXQo7Cck8tAeuX1l	Lectura 17.txt
1QPRRVvH4_raVr34c3thxeM5QY26xdjsR	Lectura 18.pdf
15QVN0t3ixLeOnxxNjBUy7T2eln0n1zbM	Lectura 18.txt
1Te0W1ET_9iOzqCtp1VY3JYDNi3wv4sQd	Lectura 19.pdf
11jQuaicbe2zBnlBCni2HQw10EM12qjHI	Lectura 19.txt
16vIECd9ZwyywMIfTARUxJjfXFYX6v00x	Lectura 2.pdf
13peOkJq_askAM6gTjT70JnvHxj6aHO-o	Lectura 2.txt
1ot1yWAkyyWQngNeVzQ6hHmEGM_FFPT4i	Lectura 20.pdf
127HrOssCavwZVUQveDuNehSIhULoLD2H	Lectura 20.txt
1a52x7OefjuYuim78ZoiXQLCl-WmV_1gK	Lectura 21.pdf
133D4Ss7696eZ0ON_LTiQa_IQUWmblpVA	Lectura 21.txt
1HY3KRAb9Cy8VAJ_IcVXEZ3UB0X34CIY4	Lectura 22.pdf
11GlEPUizwVJ4MEY-iW9Btf_TrqB0ovWy	Lectura 22.txt
1oMxlXCloaQSA94O93VRP-jGU3NxoDG2C	Lectura 23.pdf
12xy5sAaGMXWUgDgxOqSTYrn0gH-3aYCq	Lectura 23.txt
1PyL1urZ6Xn3yUHLol6dINpq5p-X8CnPZ	Lectura 24.pdf
11JoxnoQfc7Gz8W5CYzwbeTlJJ2-Rc9jT	Lectura 24.txt
1RZWMS0cjQVvr5o1uDVuFHs0WvsMTgEgR	Lectura 25.pdf
14zvZJ3Fefxir9uC9RTBlIR6kPrr7WsVK	Lectura 25.txt
1-IjLBS_bJgrv4UrT-ZdibLH1rPVi7XFp	Lectura 26.pdf
1VJ8o_6xlGOQLhSv41jId0-5Rtl3gTkdQ	Lectura 26.txt
18R5TQyaPblacrSyyfpJ2DZst6i23VrMH	Lectura 27.pdf
1-uWTGanGwAvixZJutEI_51t7_0drCnH2	Lectura 27.txt
1yUkMkwGFaL0Me8NEY62ly0kJuvtW7lbF	Lectura 28.pdf
10syQOmX5ytYOm0cZv0rTt07Sz4GivUmP	Lectura 28.txt
1dewiNKLNtHM73O8FHx7NajWrNWX1kBCX	Lectura 29.pdf
10857Iim2DYOsYoySEfIKY8N-7pSGGdwB	Lectura 29.txt
1Z9oW8JLfqfx2mMa6tJvj2Kgy-k7ZC0tf	Lectura 3.pdf
11M5-0SQDiPQZnit2Ilukxx8YXae5DqS1	Lectura 3.txt
1lhBVUudMhhMPDQ_GYxo8ZR2DMyhAIc5n	Lectura 30.pdf
13z9Mo8X6ykUvYWpuTiIOzSlVskTXNTRB	Lectura 30.txt
1_kdNblXi72QMmMU8tNqMSECrVfGN_Jfi	Lectura 31.pdf
1XzW22TOWayHEl1NGiNEPaSVxfhJFEI5T	Lectura 31.txt
1y5lGn3CNw3U4UijUtp55bF9trMCbgArW	Lectura 32.pdf
13NBP3o-YAiyOlFHilbRBSkN-TDjOBcUi	Lectura 32.txt
1BBNNnFYLOXs_AF1DYmArqXwRkwSm9KGR	Lectura 33.pdf
10vFgtlAFAFdB5dElwIcUg1K8mNfCdXss	Lectura 33.txt
1WEQ7YDP4X1Q5TnhK4TWWqkxhb9zh39cS	Lectura 34.pdf
13lc_ijD8iE8IKdhxibcE8CUozYe39hBN	Lectura 34.txt
1HcJF8yoDtamuQQgaWyLmpQTNQbtckNWw	Lectura 35.pdf
10XHNvITlvlBz4aHUtLWsCBgN7XcQ42L0	Lectura 35.txt
1N63DxfW6_udK2oLqIDVaC-tVu5DSrhOv	Lectura 36.pdf
13rKsR2pPBcaYIfdkXGMjyrEFyRh6r6LK	Lectura 36.txt
1t64Hqe8yayTPk-htwpNNryuKk8fUDum4	Lectura 37.pdf
13y1wPRj786wRViGXjG3f8GA9b6s49LXi	Lectura 37.txt
1c4iBmYvX5cUcIsaQfN1sHUmikTgII48k	Lectura 38.pdf
13sFTHoCSxcyVXZJNDg_EXZllwfSy_cch	Lectura 38.txt
12vRrjg1KupPsN9Ff3ijPYgGv4CrmgIxk	Lectura 39.pdf
1-lgbTJzWYQEfu70J1QmN4uYNX9d1I3UQ	Lectura 39.txt
13vVH0QZREmEe6tlLEhQZodUiLD76PrAi	Lectura 4.pdf
1-CHs4AtPTSL5nFuUp-Opx0jA64Adh8vv	Lectura 4.txt
1E01vPk8m-LqMPcb37iiSh7oR_YGI91LY	Lectura 40.pdf
10v97MbrTIj6CtKSJVgFfBlH2JPmnSQKR	Lectura 40.txt
1Wav1fusRmDbFN2lEjZQJeAChnx_sp76W	Lectura 41.pdf
10ciDG74ZlR5s6CsDduBL8YPNh_BK19s2	Lectura 41.txt
1uSOSly1jU2X3jvin4_qLrDCALhiI93PI	Lectura 42.pdf
11IJjDAIo2kYFj2eM60JcBGWnGUIKtwQO	Lectura 42.txt
1ddCOVG0gJAUgM4WuQSBePmWwgHonfQfq	Lectura 43.pdf
1-whJ7k5M8gG0UsNKLc8TjcPtnNiX4gkd	Lectura 43.txt
1evcfDjZ8Fiwt4v4usCXmcZGbXcI8zy87	Lectura 44.pdf
14EZd66d6Tvlq7Ra-wv3Z55qC_yDntyJP	Lectura 44.txt
1g-C2rmaoH7iOZiFd-GYgtUAydPyif3j6	Lectura 45.pdf
10b9qe79qZsbZxVp8m1Fhn29T1qLZI0_S	Lectura 45.txt
1_ujYMNiOa9qUlTSfiJcHhFu7byAKPmfc	Lectura 46.pdf
10cM2KJCnqL6UriDoJVmfHmuyp208WvdY	Lectura 46.txt
1vg97PBRfrs5VPECNdDP0Ct3farWnEhZj	Lectura 47.pdf
10yB_ukR2QU-Cch8JyWODxRkbtwBlg_MB	Lectura 47.txt
1-p5d5kiFkzFFXQwHOBCmKAIWxhuR0TgN	Lectura 48.pdf
12l3KFNwWAxir_zL2enbaBYLqBGo-XZWQ	Lectura 48.txt
1zgxPi0FOD5nJ9438w81GGJezqdEvTSnF	Lectura 49.pdf
12GStBLRaNCTGDR6yexw4CvSfLIwYHJEa	Lectura 49.txt
158ZeOdLlQEryEuuXG9W2t_WD8y0VhXJK	Lectura 5.pdf
148pSKXftI9IAjab7Je0zhL4ABCvxvxS_	Lectura 5.txt
1BQkMte0gVlw8SGM-6a-TcWkf7OGk1GV2	Lectura 50.pdf
11QtVwZQ77HtMnC7cD5WLbUM0XpUaHLeW	Lectura 50.txt
1yMUGEw4AO7fkWme2FPEp633-Aaun9vz_	Lectura 51.pdf
122gBf7ZvWa59a2zssdE6PlHroD3dwKo1	Lectura 51.txt
1OXYegIEE1wOokHEF98U0Jf_Ae6qMv8qK	Lectura 52.pdf
11Wxh18eJatqd5Fee5QeOeCTQKCL9MMhS	Lectura 52.txt
1bRKIUhVybiMH3yLhzZPwjlscORX0BgQR	Lectura 53.pdf
12xnkuDsGqBeaFypiaIcJFlIrFMKatyWi	Lectura 53.txt
1IbheRSpGtClaQnMkKbQstUXycDHGFN9z	Lectura 54.pdf
13xJZQjuviaD4oP99k8ch4S0qrOUcaa2g	Lectura 54.txt
1s3pEZgWyYn57xvXTM7bwl11yoCYo87Ah	Lectura 55.pdf
136-TL7ZTdeL287cPcKYfJkKrOiJQ1FcZ	Lectura 55.txt
1nJMomEt9qnbu15GEJsoI_pRJeECxQgT7	Lectura 56.pdf
14NkbHsaSoAYtwMyJigl4gBv0t3hRjxjT	Lectura 56.txt
10-EE4kw5kJ76AMrnZlkQKRPd5XpLDpZ2	Lectura 57.pdf
1-IyiVbpnUnyg9k8POzYOhVEYQCwp7BLZ	Lectura 57.txt
15ygUxRQ-kAYrDyoCIe-D-gVyjOIAtWpO	Lectura 58.pdf
1-lNYRhxf0GoC4xjYdOvMYLUAS0nZhFMO	Lectura 58.txt
1_IuZhMwiZIDQKibN4g6lIQ_2W_38SzBJ	Lectura 59.pdf
10VEE_QTW8aR97VIuVSlShh4JE26Iyr8c	Lectura 59.txt
1oG4J-QCm2xLEek5t_uZi1WBT3YeahjeZ	Lectura 6.pdf
14BS-BwF6jNNTBdxj--Y_csHTANKUE-gm	Lectura 6.txt
18lbauxrW3IaGXr3vGC84-D3yQ6jM85Lm	Lectura 60.pdf
12PdiclInUqyFwjWwmQop4wJDXf56eD-f	Lectura 60.txt
16PpqS-pcCEOffSMiSq2XRSWd44pxNdFk	Lectura 61.pdf
14XBkuC5Ya5DR4PmwTHul_G78P8mtgYgP	Lectura 61.txt
1fh4fDNua_dwSmgmWmMi3DHcKqHPbzT0c	Lectura 62.pdf
1s7CBoFmpmINfe1rHTOhJyToWYuAFEXMw	Lectura 62.txt
1ppAkYsorGNSNrsw8GTOenogj5hvh5o_8	Lectura 63.pdf
1-ZHomMOewr0941nl4c9oW2fy38df8fxz	Lectura 63.txt
1lfijpfteWpVyKdwJwcDG1JVhq2p_jLzB	Lectura 64.pdf
1-4nx5IuKRaFELQzTZw2-fzvt7Q3P-lnO	Lectura 64.txt
1xe7Y26x0F-u7eEuB3vP8i_dP14UaGKxk	Lectura 65.pdf
1-N5xCBA1P7XgylPTl1gbzjKCae0bbnQD	Lectura 65.txt
1smfe-Ag_wOY4W2wRKjWFwThloIAD9EBk	Lectura 66.pdf
14Jfhs-X7H0jfi7Nm344_cb3oo4XD1KjS	Lectura 66.txt
1Y5jT4LJRcaVlB4vsVMvymEAPFtrBSBnO	Lectura 67.pdf
101PpSc_PYBfpqai1zMqZoahAEkPB8Rc_	Lectura 67.txt
19CX9Y_dEOZoDrI_1Rcq0sxk_feEE_ykw	Lectura 68.pdf
10U7L-ZB0exklNG8nV82KMzAehI8OrlRE	Lectura 68.txt
1cWYanJd7DiqCIvjkF92RKAgzGohUIOed	Lectura 69.pdf
12QLsU8MA06wdIjr78oQ2NWQh7X4jk9b2	Lectura 69.txt
1wmDs0UhyE7shufxqBUhS8YPYS5E8qmhE	Lectura 7.pdf
103yU3yva6FP34QTIuVmCWAMUK9olZbKJ	Lectura 7.txt
1hCy9KL6VDMpbNnjTtribcamJ3ludVGY1	Lectura 70.pdf
12ZwrdCxBN6UTxvVz2VM0UwKfVndBALuf	Lectura 70.txt
11cbWavpANkoPlt0D7Cv9SzJSjVC8g0zv	Lectura 71.pdf
11vaT4vyuZyb__1hXgfV-kNtKnsGY_N4O	Lectura 71.txt
14BYeEDJcYp3wjGL3BNXlnPpFAscEWasi	Lectura 72.pdf
1BvGvtGzzEscZJgnAONFO0pUxCxjsFpNn	Lectura 72.txt
1ptg1Nn4w1N-7y_qjzjDv737akaQ3d8Xf	Lectura 73.pdf
14dVbvqdtQtL8s9hCPNWQPR4tXvGOWkXy	Lectura 73.txt
1q5H9UX0bfMJt5D4PiP4q__XQ36m2VAZC	Lectura 74.pdf
14RlYAlc8vCzXUQOkVj7QgyPt2fNYSBck	Lectura 74.txt
1_FAHV0zMDWBFxqc9vDaEeJUEzmtmPCXq	Lectura 75.pdf
14y3I_g-EwekhyQU8alFXAh7EfyYGVHE8	Lectura 75.txt
1Uu4eZw_KHBZeGahSzz2y95AYHmLw6gpY	Lectura 76.pdf
14DA-hlvMVYIRI25YrvhubsTSpdboF0pD	Lectura 76.txt
1Q45QTg-JIlrjloKZbANKaa4kuYRbUHH1	Lectura 77.pdf
1wUlDC239VWQGqThVlZ__r9_C4eirlrMq	Lectura 77.txt
1rf36efTyUIefVz5ovzrejyg4-R4uOu78	Lectura 78.pdf
142kcdcMAsx_UmYxx_Q8bcvATcaozkuud	Lectura 78.txt
1_bBWHmtE3KLV02_udwSTZwxJpsHqRPQ1	Lectura 79.pdf
1-B2264Lr6fggscTO6asT6_hY0JqJ9Dny	Lectura 79.txt
1JE1U0btCFESN0Zjx6de9mQE4eFshCY9U	Lectura 8.pdf
1-nFdtk0iciws1PQKx5tyY0ihxzZ_oB_Z	Lectura 8.txt
1KeONx7rRug1oQzvIhp9v74R9QPgU0DQT	Lectura 80.pdf
1Q98j-DnaGMkZcus2NshvXH_sADK2EUWA	Lectura 80.txt
1f9WZQ16jB4XrgIssdLUkN3ac-BPvtP1p	Lectura 81.pdf
14OM40OqOG7rZIViTWP-wSOtUOKCpjxj6	Lectura 81.txt
1Velj13Dejp-JT5rq_cZBHf7pwi6omT7B	Lectura 82.pdf
1-TmlZOD4Fx7_WCcytOuxxHwOF4ubnaAL	Lectura 82.txt
1GhsBaMzENHM2W20iVA_I5v94YeGx9iqR	Lectura 83.pdf
13-jJ7Xo3fXlwHlvctY6QMwLBAs_kS-cG	Lectura 83.txt
1ZErKMRq4tr5x9q-ivQKTXTcD9TgUiEdS	Lectura 84.pdf
1-s0X8TgDw9vuFj7bIhlOIE6_69TgcHQy	Lectura 84.txt
1YUPi-Q-kzcrffJxW4wSugzq915qVsyzA	Lectura 85.pdf
1-dy4oWx1gqIRmKCt_ISIMeVDdE6Fsxgl	Lectura 85.txt
1nmFbNwVhtS4RkM1J2OVYDeK6qdMjxBcl	Lectura 86.pdf
141KXaS2vxgNTEOSLw7VQ52Y9s06QuSzu	Lectura 86.txt
1B3WxFQg6vNY66xbwwN5UGvRc8uMRDo96	Lectura 87.pdf
15XCPP0T3PQNlD3QDyDEC32hh9p3Pe6xo	Lectura 87.txt
14CFmK01M3HywVd2Qoof7J7Mp1Rv2bmGs	Lectura 88.pdf
14lziFFbnhkwG9DEa6tOK6tFPgUFPXywf	Lectura 88.txt
1LSscUY64yugC4SbBzfN2dzhB53mOnxS8	Lectura 89.pdf
1-ScnXKzFgYHvwRsEmtW6z35vX1rAH79j	Lectura 89.txt
1zKqwD93xbVvqFnc0v_lQViEPDwaVDP4-	Lectura 9.pdf
13FJkDkOzXBEMq_gY7PyWsIo9DTcfgQon	Lectura 9.txt
17_F15WVBRO0EGStg6LdBqA23VL93FYew	Lectura 90.pdf
12j3flkF4qOJzwrEMjBHUF8BG7YgJsu2E	Lectura 90.txt
1LL6j-jPWHMmS6bdFroF1Q6XT71OrYpKG	Lectura 91.pdf
14xuUuQ8qlhzqEyf9YPe_gZYBEfuWLupr	Lectura 91.txt
1D_mWPGkuRT9qc8GHChwo8OX26ytgWTeR	Lectura 92.pdf
140Q155XXBiPi2w9gAFkYp4E4waSrSa8H	Lectura 92.txt
12Hkecprdbz44FipvYxWD8It9Epm-x74w	Lectura 93.pdf
115gvgIN9O9t7lMWhFhAeeWlMG-ueuaUP	Lectura 93.txt
1Va_fK-3_su-d9sPCaH2z_sQjeFZ9_Vcq	Lectura 94.pdf
12doDj8KS3GrPnU44iTkgDP_KtwnBiZjL	Lectura 94.txt
1-MuNTTVumq-tbSuGgbECrAhbFPmQhDG0	Lectura 95.pdf
13jb_dFpaJL7mvMQsOFQiPr8hYOTpi5Oc	Lectura 95.txt
1I5FMd6xRdcaPFvIPMCbmgjthKw7RtvNq	Lectura 96.pdf
1f-UwQkioQnL4mcO1XqHH6EUVmFd4Q9xT	Lectura 96.txt
17BX_q09MeZY0C8uBa2Q9ov5-BJPWWanO	Lectura 97.pdf
11ZPi3H6eCQ8ZVCQ6TPyJJUdr14rs8RLW	Lectura 97.txt
1IdCQLEq7bZhbg_QkKIckt0ctovAFk1HF	Lectura 98.pdf
1-RyyGjOB_7aMmnWmogsIApFobxCzBtHA	Lectura 98.txt
1fS778YXT4qtgJN7sqQCWMfbYC6Rv_S9R	Lectura 99.pdf
12SrMoldUGT5Xeharrcc3grRhq50zCLi4	Lectura 99.txt
1RfuNWpksBdttjZrqoQzteWrWu8EgaXct	RELACION DE LECTURAS.xlsx
